user_id,institution_id,department_id,first_name,last_name,email,password,role,major,year
1,1,1,Angel,Hill,donaldgarcia@example.net,93446f17ed6457b1cbbee6e7fdb203dc137bcc0f1ac76a00d0eaa5fd091c,professor,,
2,1,2,Christopher,Henderson,davisjesse@example.net,b23f41afa5f47b191d275cc24f063272e9a95f5b36225f9c2de2821b6b27,professor,,
3,1,3,James,Santos,lrobinson@example.com,041828bfb2b507286d459b4761be88803195fcc70eeeb1f5da630dda1216,professor,,
4,1,4,Adam,Shaffer,jpeterson@example.org,e5c3a3eab2dfaa06909c048da252ff9c315b6946a2ab2418bd99c755caee,professor,,
5,1,5,Matthew,Davis,howardmaurice@example.com,761d6a1bf9580e75cfa815a19e7e69f30b50e13883934096cf5d37d8adb1,professor,,
6,1,6,Jessica,Herrera,smiller@example.net,8d61c59accd90a8851bc7c24ce4d05b02a4f70cd6a2055ec9cb812fbe5d0,professor,,
7,1,7,Michelle,Ray,williamsjeremy@example.com,1fe2de3ac63cab6d1e6d3392b40fea0e1c8fd3ee1dcc23403d6941a8c72d,professor,,
8,1,8,Melissa,Delacruz,oramirez@example.com,ed6b39b3bb6f6a4a5ae207dc60ffa1c6ffa1456cf4b13836ff7e78191164,professor,,
9,2,9,Michael,Santiago,lynchgeorge@example.net,d4b196b5cd9f19ce309caa8db9b07a56eec5076a3728092d52d18e7b58de,professor,,
10,2,10,Steven,Nelson,gabriellecameron@example.org,2f26e3fe0b795d16831fe3408e4ac6540f62d39a9a60d22a709e422e3633,professor,,
11,2,11,Antonio,Stewart,carl95@example.org,92aa91f91a0a1660cc8b38a2f9fe97b1c0e1d0452bed70d894a0db7b5d31,professor,,
12,2,12,Randall,Rocha,ithomas@example.org,267b88a1460dc7357b9956dca500a2badcdaacaeaac7b1c817d43f7e565c,professor,,
13,2,13,Amber,Burgess,zhurst@example.com,e800ed97f10c402b7f4e3a65519a98190824f03558ce2fe7e5ad543f80d6,professor,,
14,2,14,Whitney,Hicks,camposmichelle@example.org,528a0ba6937407022a0b6ab2b585d67c2d34910b599f40a76b083229b399,professor,,
15,2,15,Laura,Henderson,cruzcaitlin@example.com,7960aba4c47868e5b3e1328769dca8c1f025cd845f7b502b875ba30c5236,professor,,
16,2,16,Tasha,Valencia,frazierdanny@example.net,2660672dc64a0ae0b3c3b49549ba01bb4ae3d9aebb690e87db0ef7957ef4,professor,,
17,3,17,Kayla,Peterson,ryan70@example.net,32c23b80181cdf52be16c3fbf2bc5bc3b713cb596449a76be09e5bfed67a,professor,,
18,3,18,Jose,Mason,williamrodriguez@example.net,3ba35621a8b4afa459ab7703717f87ac6aeb485d2bf446f0edf6ff01a818,professor,,
19,3,19,Danielle,Lynch,nathanielmartin@example.net,c11bd616399ef7de0e3747893d82ead461de93469f54cd1c6e4459cfe0e7,professor,,
20,3,20,Carol,Burns,hickmannatasha@example.com,7c97a293bc354bcdfd735f7957d4228ffbf0575e5752ed8759365f4c30bb,professor,,
21,3,21,John,Bradley,millertodd@example.org,399d30176e2afc4addb2357767cce2f5266f2b9758539adaca7c8fe08baf,professor,,
22,3,22,Amanda,Martinez,karroyo@example.com,2eb28aab3b37da76916e5718305a00835a518306f46227f39c45dfc21dbf,professor,,
23,3,23,Catherine,Brandt,jenniferross@example.net,85c244e198fbb6efabeb7e70a08f2cc2178294a890941e36d49657deca67,professor,,
24,3,24,Samuel,Holmes,wrightcaleb@example.org,e9d0d52dbdf1f01c3a7107e5ab57b442c7a8942518b5bbcf58123ab88dd7,professor,,
25,4,25,Jerry,Robinson,zimmermanbrian@example.org,884914792008f0fbdd29c986a4300ab4fdd6471066fd0f5d83767366108e,professor,,
26,4,26,Michele,Jones,joshuawashington@example.net,a0e4333c59fab2d04fb01f4b469ec541cb9a14cd0bd893a8af939dc1ff5f,professor,,
27,4,27,Selena,Duncan,esanchez@example.com,0fce1eecf97cd45f808ffce56ebe5bf74bb9bf97c31e52adc96d395b5a3a,professor,,
28,4,28,Collin,Jordan,ujenkins@example.org,8111b62d5150f0ec6dc6a65e87fa1f3e8edcb094d842ab4d6dbb0a06e5b1,professor,,
29,4,29,Tracey,Garcia,zchandler@example.org,e8afd9f6742d8cbd469f04cb79a1fdf3f3e96b4039d40c22657a37d745b4,professor,,
30,4,30,James,West,dwhite@example.org,4df9b6266933c21e25141c62a83d54bc34c4aea60605d049b35b5fce0a94,professor,,
31,4,31,Charles,Morton,williamsyvette@example.org,ba12e9fa5413ef744a095aeea934685cf8857667923a193581abb65b4628,professor,,
32,4,32,Sara,Allison,richardolson@example.com,c7851c0f1530640d469066362549c79ff9663512e68519975f1389a37198,professor,,
33,5,33,Franklin,Smith,ybaker@example.com,9639f74c850972746c15921b637f534bcb7e6f6e1b2bc08448ca7dec9073,professor,,
34,5,34,Heather,Cross,smoore@example.org,7b308ffa1ed446a0ed87fe1a06770e0a1c8231fca309d82603740e5e551c,professor,,
35,5,35,Beth,Daniels,brian97@example.net,e54dece40379a5be1596ee27755d8b97f6c654e3b580ada6a9fe814613cd,professor,,
36,5,36,Amanda,Brown,yorkcasey@example.org,e5b1eed4baaafec4d6e2906d74d23502c362bab4d3b68415202332fa9330,professor,,
37,5,37,Joe,Wilson,bethwilliams@example.org,bc169e35217bcf42da346cef2aa03a29986c369068561a595d46ad7b181b,professor,,
38,5,38,Brandy,Mills,james53@example.com,9d8b17792924fe7650dd9583ce2d0f34bb07c7ffeea1cb33efa4b7df92fb,professor,,
39,5,39,Emily,Evans,sarah10@example.com,0afd14090d9ef25a1af54f274a2cb462e15f85a0553176bcb1df126ad60d,professor,,
40,5,40,Anna,Garcia,williamanderson@example.com,40f7cf6a343717465df750f0aeb6951fb916f17311a86de11f85f33ef65f,professor,,
41,6,41,Natasha,Wood,samueldaniels@example.com,dfe403291f9f13ecd2b257da00ffa5ad65a1c59bad01efb263db2a69cb9f,professor,,
42,6,42,Vanessa,Valdez,contrerasangela@example.net,a555b4b24dbe50fd91d6762ae7fb6eb25ea5c09dd23b824e4dec5e65b87e,professor,,
43,6,43,Natalie,Baker,newtoneric@example.com,f73848f3cda0c66aa5625e00c56a00b7f1d4b46ffa6ecefb277a0e816ccf,professor,,
44,6,44,Jennifer,Harris,william40@example.org,2734b32faf7e12838d616da6bdfd3e51f13fb25595445988c62cdf12c962,professor,,
45,6,45,Maria,Williams,kellie42@example.net,5a5e574fbc468859f514c0b11e48984e3ed44aebdf9b6629dca4e18e6508,professor,,
46,6,46,Janice,Hoffman,jonesnicole@example.org,8fd36b32d329a1dc03164b44931c70f90dc6d3183e5cedd244fae715b16d,professor,,
47,6,47,Mary,Aguilar,russellwilliams@example.com,1d2befd06e8cdfcab58bad1e92ab198690b719f637ad0fa3bb3ceb974d7f,professor,,
48,6,48,Laura,Valencia,jason31@example.com,fe7dfccc272251a824667c46d23e64054ed69c04140fe56f6ad7096119b7,professor,,
49,7,49,Nicole,Russell,sarayoung@example.org,6c2f18a3cfb25601a15b31778316886e15672e1bc32f1b970523a780a919,professor,,
50,7,50,Lisa,Keith,whitesandra@example.com,e84303888d739510bf26246c32123cbb12854ef01511d54360615518a152,professor,,
51,7,51,Michelle,Cochran,erik16@example.org,8de7a35dfb31987d5e08ed70a0e3bd37ad8d613d007ff363289ebdc27fa5,professor,,
52,7,52,Jeffrey,Velasquez,ybailey@example.org,0b2ddd8201f24d0f4ea1027c377aa4dfcf4c92083c97eb88436fefdd5df4,professor,,
53,7,53,Donna,Ross,michelle45@example.net,0cc0fe967d2b14ec07bd702be58cdcbb99485c439f979085ca574bb3d52a,professor,,
54,7,54,Erin,Anthony,sheila14@example.org,39f2874822232c486ee6180c7b514482ceddd4937214d01124a6be026be7,professor,,
55,7,55,Tonya,Johnson,yreed@example.com,8a356973a80f1c81187e42a1fe8c09c0f79d4ab26b2234f9ac866257d981,professor,,
56,7,56,Tracey,Wilson,jonathanfletcher@example.org,37b0d8585eb657cb8a9aa6a1d64d6269fdb47879a35925b7f251795fd3e0,professor,,
57,8,57,Lindsay,Mcdaniel,michaeljones@example.net,d1318b78a0eb2dde5d36ba03b70b60403e1500940de97052635cd146139e,professor,,
58,8,58,Cindy,Alvarado,cortezkevin@example.com,248ada0424afd98c52724273b8f73a7a04a9ad472bea9bb70bbac5c481ca,professor,,
59,8,59,Mark,Terry,jamesortega@example.com,1686722cc2e59a1679c5be38ba0c4e744ee746d585a42868de920e34092c,professor,,
60,8,60,Raven,Gilbert,richard04@example.com,f95c35f91be92b376ff4f49c9684d99b3e0fc8cd6a8026ffcd6e10270160,professor,,
61,8,61,Kristi,Lawson,steven73@example.net,4bf6c629d181407ea1e331a53f146de63922a4a28a42fcfcfc473984f2df,professor,,
62,8,62,Rachel,Flynn,donnacampbell@example.net,36332455688701f7ae84f8587440366dfdcbd5802dc58c2d676884b99b39,professor,,
63,8,63,Matthew,Cardenas,emilywalker@example.org,65a31258120287f1c42a7d3537c5429b753f439e7bd73d8c4b70e7fbec33,professor,,
64,8,64,Brandon,Riggs,gibsonolivia@example.net,27278083e613a37cabede43fa160da1fd34bf0d501c06e80cceb67cbc268,professor,,
65,9,65,Heather,Snyder,dylanwatts@example.org,f62d5119c23a5cf337c6fbf31ac1870c582eac7e8ee4d111725014494525,professor,,
66,9,66,Jeffery,Brock,pwilliams@example.org,758cd091cdce57ceebdb6bd6b8b88435f1e12d65d999a1e5d631cb78f75c,professor,,
67,9,67,Laurie,Contreras,stephanie79@example.net,2c9dec0f5a696fd198bf421a3b46bb20ee59f5878f095d856a0b0f78f441,professor,,
68,9,68,Ronald,Meadows,vmerritt@example.com,a4eab264bb6f897b12918776394d34d5db44da075e6d0aa2161d43a571a4,professor,,
69,9,69,Karen,Larsen,katie87@example.net,433d02697b19772a55b3e26988ed5942315fd72821f3bae249e9b726e661,professor,,
70,9,70,Scott,Reeves,josephflores@example.net,ac305be8d73595a15f906036b5ecfe508266f5016586295909d6f73d62b7,professor,,
71,9,71,Edward,Reyes,jasminebrown@example.com,652bd42aa22e8e1c4b243f6dff9eca7aaf93338a271660ee7718f975c50a,professor,,
72,9,72,Steven,Brown,xprice@example.net,c58f1d9805feb3bcc39979b46d8fe8a895f81d144a57de910133624f7986,professor,,
73,10,73,Andrew,Gilmore,wwoods@example.com,0314f6f342f876e24d2a3a43c4ca2e5318b22a72ff9d3ad466fd97a55c75,professor,,
74,10,74,Melissa,Ashley,vmedina@example.net,cad699403b3d00fd614a826a255090bc720e86f09963a018026fcdf7fde9,professor,,
75,10,75,Rachael,Freeman,ryan06@example.com,de6642e34b8f0d7c224ff130ac7920d1179ea02126534f8f834e874f3929,professor,,
76,10,76,Lauren,Ramsey,ncalhoun@example.net,6e3586d9eaaf207f643d52f2ab4ff824cfdbc1451ddc4f75a55f69898b1b,professor,,
77,10,77,Phillip,Elliott,millerroy@example.com,4dd1af07197b8032b638a88d9bf480457c3d4146fcc2a9c639b38c4c4d32,professor,,
78,10,78,Jorge,Murphy,wmurphy@example.com,4a137294913a806177ebdd7b4d96b780fd652b7ef937c54efafc0e96ab3e,professor,,
79,10,79,Stephanie,Fisher,ruizkaitlyn@example.org,8b3714cc08e994d971a24c0f96e229ac06ba99a0a8f37ac5141c11b535c9,professor,,
80,10,80,Michael,Santos,websterstefanie@example.org,2d77699db37aca5deb2a33c6375bc0e31bed8dfb579134ac8ae98cc2cfd1,professor,,
81,11,81,Christine,Allen,kcaldwell@example.org,b46bcfb0eba0e7335a7fd7ddf1add00c581e83dee4791127d4c47265618b,professor,,
82,11,82,Jonathan,Wood,stricklandfrank@example.com,52292e50fcce9da50f1c3adaf9f2a917d69ce0ef8af1cc05e63378ce70a7,professor,,
83,11,83,Anthony,Collins,tsanders@example.org,5c5c2eee1a6c015bb2fecbde2615fd56edcf6ec560e7296e2311e6c335c4,professor,,
84,11,84,Hannah,Burton,terrykevin@example.net,0419003752c954987e3a847724693f7bd30c645bb85c5770af31da9308f2,professor,,
85,11,85,David,Riggs,reedross@example.com,f89b94e8148aa3e870c6fe9931c68c26983a1ce11329cf9440045ee0d0fe,professor,,
86,11,86,Deborah,Smith,gshort@example.com,11d1af5888a8fe583ed8f39b58e3b84f7fb81e67576e0758961cbba640fb,professor,,
87,11,87,Cynthia,Poole,ryangross@example.net,078942353dc3eadc1a4e88335f559ebe30922d4788ef46f00ddb940d1f2d,professor,,
88,11,88,Lindsey,Medina,umarshall@example.net,aa03a91905e949405ec3cdf8bea226e87488f8369e31429831fb393818cc,professor,,
89,12,89,Melissa,Rivas,ramirezshannon@example.com,8f6187fb10ec92e3735d0ccc11a268e4c544cbbb5322185b6d35a0dc250f,professor,,
90,12,90,Elizabeth,Rogers,lrosales@example.com,8483a1b5f692f375a37b5f2f3f3af29a3d94155284ea81d88c69c9a0d79f,professor,,
91,12,91,Lauren,Peterson,angela83@example.org,203bd93fc31305bea6974da4f021f79ab39b85e93adb61b7c4d2a4d9f7bf,professor,,
92,12,92,Richard,Peters,hannahbrewer@example.com,a7e8bc097ef91184e6c6504571d8147f9dd5513626a8689333a7987aa45d,professor,,
93,12,93,Andre,Phillips,tholt@example.net,036a80ebc72d5fe8a411d0c8b47e6927b900115a2ac56d2ef22f7ec5757b,professor,,
94,12,94,Thomas,Schmidt,jbarajas@example.com,41c6a5d6a6daa9eb15a183ddf9e46a5d8c83edeadb73266ef60f77d34575,professor,,
95,12,95,Shawn,Parker,davidlee@example.org,e803ad7a82e8c1b484505a853ce2b6f82d14b716e6fe53654e9b46e5b705,professor,,
96,12,96,Stephanie,Vaughn,javierwashington@example.net,aa9b7d2f7190e9f8c2ec23ae64c7edf7eb69d0da0fc75bd90cbeff6be764,professor,,
97,13,97,Kathleen,Carlson,wallkenneth@example.com,a6abd0c9a81466a3b70959e09342f4129c7c6725ac2b2670b5cf63e79335,professor,,
98,13,98,Alexis,Ferguson,brandon08@example.com,8e462fc1d928dc8726b224ab54c6862da582e2acdec582a9bf3b3ad9b239,professor,,
99,13,99,David,Oneill,agarcia@example.net,6e8b0dcea3a25597f76ff5561c376b5e53caeb1b9ad5869e860139e72c36,professor,,
100,13,100,Timothy,Peterson,kingmichelle@example.org,bc480949f330306d1850f25e7cf229a388a155128cf9f744378558d13b11,professor,,
101,13,101,Richard,Jones,hernandezlisa@example.com,059e596b569893b14c42d88344060fe3bcc20fb761f4ea64198b7cf9edc2,professor,,
102,13,102,John,Grant,yobrien@example.net,be73bae8060ab15e962344506dc4488c484edd08795b96274058d21598d0,professor,,
103,13,103,Alexandra,Hayes,levans@example.com,ad8fb83221d8a0b46e1213aefb843099f021ef8c5a0d98621c565cb47e1c,professor,,
104,13,104,Christine,Lynch,mezajared@example.org,48f39dc4660a45007dbc4266f4e9973ce2d6aa34e34f9ee322904f4c5985,professor,,
105,14,105,Christopher,Allen,moorericky@example.net,5777bdfb428e76e18330291872dd279a8b627638bf46fbf522e57ad37cdb,professor,,
106,14,106,Kelly,Hall,jacqueline71@example.net,f27e7fb1909ee0a625eef1248e2ddf97faef440e04303271911932df69a5,professor,,
107,14,107,Joseph,Moody,ronaldstephens@example.net,44e857c66783f9930c658b708b5acd833bac1327c7251e21e037a6f8428f,professor,,
108,14,108,Joseph,Thomas,martinkyle@example.net,0758924be5a1b500cd8d55edf9065226a818dfd7b9957def176cf1fd0c72,professor,,
109,14,109,Samantha,Gonzales,sbarker@example.com,ad821f8bd98e3e6d0fdde268d0dd5ed15592c7ba488454dcc24c920ce95a,professor,,
110,14,110,Vincent,Snyder,georgepamela@example.net,7cf8363f6c2f28a51401783bef515fd65559c61261d42206f20e157fc526,professor,,
111,14,111,John,Davis,keyemily@example.com,904ba0e0672c81d2876bc33a901ba36351e6a53390471f63090979df5a47,professor,,
112,14,112,Kathryn,Thompson,lmoon@example.net,9dd3280b611db909c18864d7f3eca1191f7c1fa34a762e7e38e94b80d64c,professor,,
113,15,113,Lisa,Costa,vbailey@example.com,6e7ae9ebddef11849d495db051aa14e7f8307610ab4185f88d7773bd0be8,professor,,
114,15,114,Mia,Rivera,zroberts@example.net,8483d1d0ed9f1be84d7783e0dfc7028a72626c89e188470f872c94539abb,professor,,
115,15,115,Christopher,King,cordovarichard@example.net,20e630efc973a0216b46e6a5e05c1f3bd012e8051727a8bfbb1233526243,professor,,
116,15,116,Aaron,Booth,mgutierrez@example.net,7b47ea5ff6d06e039f6a2c9e4c8be07568bfc46e1636afc0bd1e11b0a0a1,professor,,
117,15,117,Katherine,Garrett,harrisandrea@example.com,643049ee57bda7504bd996d2c0b83bc1f3a612e0b8432959e51e63f39298,professor,,
118,15,118,Helen,Martinez,jennifercollins@example.org,e727ad991a44075e6552f591c48313a6f6158b8661ea47fb062cb57aa5e1,professor,,
119,15,119,Christopher,Gay,murraydavid@example.org,414b1fb8aa418795463b339d643d5f97939e540054306c2a88239e56ceab,professor,,
120,15,120,Jennifer,Hicks,robert77@example.org,9a8d1d32aca7bf755f41e0de9e982c71e1d5e15f0fc6c179ca8ceaf8600d,professor,,
121,16,121,Duane,Lee,michellehill@example.com,98825c006d0a363ba7679d63f4dec73c9142c840f1e965ea5384cf79f3c8,professor,,
122,16,122,Kristin,Adams,campbellkenneth@example.net,8f582f7927625174fec5e79f3764c1ae6b98546d0f20d9f300cf25a79d29,professor,,
123,16,123,Donna,Grimes,wryan@example.com,02f3d86b4682d1b381d4dd6259416005a33ee59fd9ee7bd2c4de379286c7,professor,,
124,16,124,Amy,Gibson,molly39@example.com,c13062845291792179ebdeb528399ba276a79f335d4b4b95571104f7aaa4,professor,,
125,16,125,Kimberly,Williams,zthornton@example.com,aec6b9bc61ef84998e4f3170fde32019dd11ba867a5d7eee306040c8fc02,professor,,
126,16,126,Elizabeth,Hoover,tylerjohnson@example.net,874f5dcbc56de1ebe2a563a3443cb70bf885f492173cd0192bad1769af6f,professor,,
127,16,127,Martin,Garcia,dgarcia@example.org,33d1c269632b37ad37667a3030330d18be7a7ef77c95f27dfcfa4d3e0e31,professor,,
128,16,128,Robert,Pena,charlesharrington@example.com,53d4626178c78804f90e76950e125d8369e4e420ad118e511d952ab36043,professor,,
129,17,129,Heather,Santos,melissa86@example.com,6ae539da7856760edc5b93a85d38fae5a5eafdc5bbf36170179e11cf2b80,professor,,
130,17,130,Paige,Freeman,williamsonjimmy@example.net,b560332584b4d087657c279d88c260435479683a47625a8988d0fce06452,professor,,
131,17,131,Wendy,Francis,wgood@example.net,844795f7d4405d7b587384af18e0d828b260bfecdbcdbb285df6dbf9ef15,professor,,
132,17,132,Craig,Jackson,rebecca05@example.org,7b1029a904c85c1e1aca735662166f9e8be8e75ce6eaa22a6ef22fac2c9c,professor,,
133,17,133,Nicholas,Thomas,yknight@example.org,b9792779d3178ef77a44687510c7c86344c0a4be9565f43cb50f3520836f,professor,,
134,17,134,Christian,Pitts,tyleraguilar@example.org,5dc8482cce39d80e975d4ae757121622d458da0402f9011d9cb0a487720e,professor,,
135,17,135,Jonathan,Scott,nolansteven@example.com,112bab68dd812e83016338cc0805a797ee98524cd7ad1339ea2e374c538b,professor,,
136,17,136,Eric,Alexander,vanessa46@example.net,8246bf405ee6b4109eed3b15064e830a7de2f9fb83fbf8e004606ae0785e,professor,,
137,18,137,Megan,Gonzalez,gcastaneda@example.org,6cff635cefaa380e0e3957e3245bdec5de62bdcdcbbf61f224e263224aff,professor,,
138,18,138,Michael,Phillips,andrew64@example.org,2d3fa1d969a4e9031a8678b86af894ce7bf7653b8d38ccfeea9f58bf5b4f,professor,,
139,18,139,Gina,Garner,lozanojulie@example.com,021ce31677cb204479fdfb88821b54c94635e9a84db197529138b5717127,professor,,
140,18,140,Jerry,Pham,danaoliver@example.net,48f3852466da26e8abf9edfd934af2971af2aa9cd403398e533693a96c5c,professor,,
141,18,141,Katrina,Becker,courtneyberger@example.net,c56773d1fd6c19d55ebc04e7e8607d258bb22b37906f47c3306006b20611,professor,,
142,18,142,Kristina,Johnson,jessica14@example.com,15bfd2d8a068f8f77359a5e2898ccaad53a5c4426a9ff91b284a205504a9,professor,,
143,18,143,Gregory,Anderson,alyssa42@example.com,a98c7fc848a502d7d0f40d255df35eadaa1fcd54251029d0163e9be5b445,professor,,
144,18,144,Sherry,Coffey,julie51@example.com,351c33ee3a9ad2a4348607133faf82cd2ca217291ea27da242ed2738c22f,professor,,
145,19,145,Donald,Levy,zcoffey@example.net,b2f8deb6bb969668fbdfc8f3364852aa0924c93e1b3698d0e8f67345d690,professor,,
146,19,146,Krystal,Smith,gibsonemily@example.net,3b911258a18748eedf34ebcfba5548776cc25c297cb3b199051199381f95,professor,,
147,19,147,Parker,Little,daniel37@example.org,cefeaa7675070942bff2d2d94f7c8777b9e9aa274cf7e41d226c347ff776,professor,,
148,19,148,Sherry,Murphy,deborahreid@example.com,74f24e4b393977b873a58f8859902361c3120e90f098d30e119657d9ccc8,professor,,
149,19,149,Kevin,Ortiz,brandonjohnson@example.com,eb471ccc57ec3364af6ec982e6b3a735a976b04ac83711e06cbabca3095e,professor,,
150,19,150,Jimmy,Medina,qchavez@example.net,5bbde089556e63ea8a7653ec2586f618ed6324499014d8a0670b27f1bf5c,professor,,
151,19,151,Amber,Matthews,nicolepena@example.com,1b7c531adec214b8bed80a27c1b1036da07bdb91bd93cb7bf0ed8f722dac,professor,,
152,19,152,Sheila,Ramirez,jeff73@example.com,046d5b375d1a8b0e7e8b917cb8b01eaee4cb8d0bef7e2c75d1b4c4e079c1,professor,,
153,20,153,Gina,Stephens,bruce43@example.org,52c7d0936b44b37c98f55ee86428e472e1cbad1bd53f43bf730e80e8025c,professor,,
154,20,154,Madison,Davis,darleneharper@example.org,fe9274cc457a88cd0607a61168abb62523f1bf14d23bd92f065f7a0c84db,professor,,
155,20,155,Matthew,Zhang,caseyhubbard@example.org,b5e9004b66d611f182ebe53908d69edfd21723b2a83cbde649beee1d5337,professor,,
156,20,156,Lisa,Hall,kristinacarlson@example.com,bc2a80140d519b9fe49c2788c69cc58d308574eb5bbf0fcfe31a23128fc0,professor,,
157,20,157,Duane,Anderson,lauren10@example.org,d9b3ddd21383aca3232056d44365c67bd06e027a2ebb8cfcebcc39c70c6e,professor,,
158,20,158,Kristy,Young,alfred40@example.org,31366d73afc453a2e9c072452aa1644da72e5ff665755c8c856311e2214b,professor,,
159,20,159,Alicia,Reese,xwest@example.net,229e2c20231b51c3e96888f16331029681021f914b50e0838daf3e029549,professor,,
160,20,160,Shannon,Walker,acostaregina@example.net,c71ca27c56ab19ec6bad07a35ec502b678e3e1c78d999a6569979b515772,professor,,
161,21,161,Stephen,Maynard,lutzmelanie@example.com,56bac80050c404a1944f07c6217a1e7352a7ac9c217a1a621675636ce021,professor,,
162,21,162,Tracy,Browning,lammarc@example.org,6885201ad4b26f5eeb4fe0b35d96cbd6c70327547841e17c598f9f594056,professor,,
163,21,163,Joshua,Schultz,oscar98@example.com,571a3351c1e42a3109e9c70bb04fe55361e7d0bae65af5aa200f70d7c22e,professor,,
164,21,164,Catherine,Garcia,farrelldebra@example.net,a890cd2a8a129f9929b60b93ff3b62b6b5bfd5fca98bd53d22da7fd231dc,professor,,
165,21,165,Jason,Hayes,robertwilcox@example.com,b362353a8ba4cba57ac1cd19e87d5309a59a99ae8afa7544f4b0afad51dc,professor,,
166,21,166,Cody,Simmons,nicholas27@example.org,c173ebb04d7cba0b11c832f042982937dae3c515746d308b278b81fa1c70,professor,,
167,21,167,Christopher,Reynolds,lisa80@example.net,194721c1e6eb1cebbea6d27dc7b3ec4accaf1226c2f93880cedcde905cd3,professor,,
168,21,168,Anna,Santiago,qgomez@example.com,d56c153bb5474428a88d110d868f325c45422b75f9e582847a3779326b38,professor,,
169,22,169,Jennifer,Schmitt,michael98@example.org,d4196e4332b126c7359a7006933063282d9494ca5aac8596bd7d90c68d54,professor,,
170,22,170,Timothy,Boone,megan51@example.com,83682427f6347c7c2b6a3a7c6ffb6ae0f3c0405e0a03f5c933ae02f44d32,professor,,
171,22,171,Lindsay,Bruce,lynchdiane@example.net,843f1a472a3344e20ad5769acff84f97951195573545043b095b809295e6,professor,,
172,22,172,Henry,Park,sandra50@example.org,aef4cf6b6228c34a0e24f45d02b3d9d9b320e64b6a27019787aa25c9b0fb,professor,,
173,22,173,Ashley,Morales,joycebonilla@example.org,1c4ca12c74a6b8510a4318992333af0e8c201a6f8a8b091df1607cd37c9a,professor,,
174,22,174,Jason,Barnes,eric45@example.net,c44d8c094ea7e54d68b5b8398cac95e52a3b9c7c4d355a6d2dbdc7eb114c,professor,,
175,22,175,Nicole,Moore,craigjoseph@example.net,1ad2ca4cfa6f0daa84c38291a4ee5f3604894b4c5e003dc5d974610a734e,professor,,
176,22,176,Catherine,Perry,kariwilson@example.com,addc299c1d66c8f5a65dd3885ba59a11447b4eb6741322ee8a098221d4cd,professor,,
177,23,177,Erika,Watkins,brandon69@example.org,6043edc734d40262632593904b09768b6e7269022f96cc1a7fb260f6c31f,professor,,
178,23,178,Kevin,Clark,kathrynroberts@example.org,316260357ed76d799c4a85c64436f97ff85bf0c8aee4aa3327937c9a44a6,professor,,
179,23,179,Julie,Thompson,opatel@example.net,f42fd6c6eac9b22be8390b76b7ff1ccf79413816a1de31ce622d72da00df,professor,,
180,23,180,Elizabeth,Gomez,chensley@example.com,4281de16aaf7035858c1e3809f000307aa8413452af13d8100af3a8a3b28,professor,,
181,23,181,Samantha,Atkins,tberry@example.net,c946ea3f784c7e4476243b9a3bfe54b92f42896d5e8fa9daba39fd60fc9d,professor,,
182,23,182,Darius,Smith,george97@example.net,d67b8d7218f90fdfca315e54519b57a2e20844dead3288ee637dec6e3194,professor,,
183,23,183,Christopher,Richard,ryanmorales@example.org,85f7a7f38bbf7881616bd527dcdeb98daff10fa115ab8cf6b5bf3fbb6831,professor,,
184,23,184,Kyle,Morgan,kimberly18@example.net,86d99424f394538b2115a6fb15e6a66718d89fb8be82f85b595e2d5d1ef1,professor,,
185,24,185,William,Bullock,michael23@example.org,547d0f60eacfb0329e3e07bd15b86e73ac34ace276be10db7a90270913b9,professor,,
186,24,186,James,Morrison,thompsonkendra@example.com,7b7a4d67ddaf624fcdd53319f1546c76b82c25cacbfea43b66f51f44f74f,professor,,
187,24,187,Anne,Riley,michelle52@example.com,0faf149fceb3fbae51fa44deee5fb499ab2b7fc365711c5c2f8fd053b029,professor,,
188,24,188,Scott,Turner,brittany58@example.org,1299eab23b8886e63743d725300ca67a6d03a7ea50f6b91634aa7d836a8f,professor,,
189,24,189,Shannon,Brown,chase19@example.net,b5e316b74578ea790cd4fd5677f35561eb38358b574a85b0a5862ee464c3,professor,,
190,24,190,Steven,Spencer,colelisa@example.net,afeab05dd9d5e2b3794aa7f7199147dc16c8ca1fb7332d2e2155fe31a73a,professor,,
191,24,191,Cassidy,Mason,hayeslisa@example.com,9c334aadb9bc518e778036a302fd399868bc55b183f910191a3bcc15f9f7,professor,,
192,24,192,Christopher,Lucas,wrightsamuel@example.com,f7e5401487e9f82c0ad43940fb574e3a1da36f3f7dbe9ce76cae2050e48e,professor,,
193,25,193,Chelsea,Cox,paul59@example.org,5b9b575fd1582999c6006b27f5bceccdc12fd97dbb5af010fc74c3fb3a59,professor,,
194,25,194,Deborah,Jones,grantpaul@example.com,618bcbb1525d94cfb1d08138f1d9b454c9e36dffefa7658efb04287109dc,professor,,
195,25,195,Diane,Escobar,mathewaguilar@example.org,5e3e1c251b1410d3fe45f2fc20cb416b95f589839e3f36eff9dbd61f1b38,professor,,
196,25,196,Kyle,Douglas,tanderson@example.org,5284192589e3ce6f9933272ef06f4763a6eafaa0d2d8e22a16c6daaa12a2,professor,,
197,25,197,Nicholas,Conner,elizabethcalderon@example.net,412adba3180c8d922b3fb0c33050ec22039ba0b358f76d6783be17914ba9,professor,,
198,25,198,Rita,Davis,bromero@example.com,197e8692877459f69c5be50d07ea491674c15e12df7ca6d4ba7f8debed5c,professor,,
199,25,199,Stephanie,Peterson,ilee@example.org,5d888a03599be3f52399336dcf7e73a6b36bf7f10f830fb45d03f9f0c3fa,professor,,
200,25,200,Megan,Garcia,stanleynancy@example.net,d6ff912da53c20b76fabff023e448c6728ffdb95c8bd560b01462fba93f6,professor,,
201,26,201,Nicholas,Martin,jenniferwilliams@example.com,d89a7969f77eb3301b80da5c28c7c054a9b450e91128f20b706a89dcd6d7,professor,,
202,26,202,John,Wallace,karen73@example.net,c0cfc2c74374fb9696744c67c80927b373889423af17f59104d322f2080a,professor,,
203,26,203,Tammy,Mueller,michealvalentine@example.com,86463a1377e617923f8726e933ce83a8e6186637143a809678c00feee4e7,professor,,
204,26,204,Juan,Reyes,mburch@example.net,f8bd005dc2947e868bff47df3a31c2361d9dae9c212d678cca7b8bc3fa10,professor,,
205,26,205,John,Davidson,angela18@example.org,194508f10a3cedcd338992e54a3579433126693e56715b7c40eb02e7e90d,professor,,
206,26,206,Kathryn,Nelson,mariahdavis@example.org,b3779f7840f5c8176613286e3c23b1eee9b5735fa1b53e745728e8d00552,professor,,
207,26,207,Nicole,Arias,gbrown@example.com,4cee68e9b204afb5ebeea7065d3439594561e762cdd1ad64812afda25b6f,professor,,
208,26,208,Virginia,Brooks,florescory@example.net,7bf8ad516c353ce5aec3cefe34c2483252ae880650041b5aa2811bbe5a4e,professor,,
209,27,209,Lacey,Taylor,samantha72@example.net,cfcdf6eae24916caae38fe3167ff60524c70538b4c9fe9c4c4ece3ea157b,professor,,
210,27,210,Christina,Bullock,scottmary@example.net,e2f66b5984d76e818986103a19b82cb599394e37ef6e4244767e3301ac71,professor,,
211,27,211,Chelsea,Henderson,john10@example.org,2af1129d8c245518ceccc7bdde338cb3a83427539379b4e18273a6093955,professor,,
212,27,212,Laura,Bryant,copelandvincent@example.net,74abe51a4867539d78eaad57c51a4ab109a57dfe904b8a752179336df9ef,professor,,
213,27,213,Zachary,Allen,kellysmith@example.com,67b7e74dece755a19f00e124b57de4f209aa7caa36fd41dd40012d07ce21,professor,,
214,27,214,Robert,Beck,millsmichael@example.net,ff2f78518dc01dcf21f66192d48de2b779407fc6c097a43982206b618bf7,professor,,
215,27,215,Kristin,Romero,myerstheodore@example.net,ef370686c67aa5c9506cceba7dc3fb1e00c70a6e49a1ef3de5bea526c9e6,professor,,
216,27,216,Nathaniel,Burgess,kristina53@example.net,6ac248a302d685fee5818cbd83905e25700be6680a66c067c660e82ccb63,professor,,
217,28,217,Dale,Perkins,dennis58@example.com,c1fc310b5e3aad14c084ce832f430f9498b87cc28979989fc794931ff711,professor,,
218,28,218,Gregory,Maxwell,epollard@example.net,58e3ccb5b8900ddd300db9ea3369369c3cb0611b1a713254cf08ed3cf316,professor,,
219,28,219,Dennis,Baldwin,mjohnson@example.org,492f00c1eec02bc97c89ac31e86502137243c0a1f69018ba9326c806f22a,professor,,
220,28,220,Nina,Stewart,zachary87@example.com,d66deb458dee9f9a8f4953f3dbc7acc86baf2f0611fdc8b2c27fe4f944ab,professor,,
221,28,221,Deborah,Mitchell,glennmartin@example.org,0d4c3afed3e5bec62b07510411d2fcb3e880ec1c4601a23a26374116188d,professor,,
222,28,222,Samuel,Ross,ykline@example.com,bdc3e88cfb0927f765e005fb8e444e5802d4debb78f599637f0dba173de5,professor,,
223,28,223,Tyler,Jimenez,laurie61@example.com,7d307746e02da00fad12b6a12896efe12a559349ec0954245961614198e6,professor,,
224,28,224,Lynn,Gardner,curtis54@example.com,ee54dc45f9d16af64f5d8d80925e8e79de34920a00e79b94866911d2ef4f,professor,,
225,29,225,Jennifer,Jackson,cbell@example.net,5e80d9b7714d0b0216808eeed1f80c1a291d9e2dbb07f72c95c33d978efd,professor,,
226,29,226,Michael,Bolton,danielle01@example.net,d62811d94d6a7f7dedf1a435dfc304f6ef98145c92c6306115fe9864d2b7,professor,,
227,29,227,Michael,Owen,stephaniethomas@example.net,3dfbed661f6ef98f49e883d8ff475327675e4266ec14708ec1446ec290c7,professor,,
228,29,228,Samuel,Martinez,kimberlydiaz@example.com,4dadab4d41cdc8d1e907968974636ed48c7889ead0ad580342ae944e456d,professor,,
229,29,229,Antonio,Hernandez,xrush@example.com,6cea60ecbd026cc131cde324335744b5d90c2b42b2c4e9a6cfdde370bdda,professor,,
230,29,230,Audrey,Moreno,redwards@example.org,0791ca96f4c280c83bc8fb5267d11d48d9620ac4fcd1816d5f79007957ff,professor,,
231,29,231,Anthony,Lopez,hmcintyre@example.com,9643280e77cd935d40c556d710c45ede48f5b412498081f8757b1ac6f4ca,professor,,
232,29,232,Jane,Lewis,heather73@example.org,c99ebfcf74962e41af3de5e7ad2ff91953e9219b78682537d87ea037741f,professor,,
233,30,233,Charles,Thompson,zosborn@example.net,b442aad37d8820195d7a782d2d62836fabb28c6d6eb9bdd4820a5ed3ed6e,professor,,
234,30,234,Valerie,Contreras,piercekelly@example.com,33e115809e6c14a33fb7a62f5997a085c983e241f5049d8e95df08d63806,professor,,
235,30,235,Jennifer,Ho,laurahicks@example.org,d36c510fcd77aa77c4b138678488bb7d02748bbbfceab4d5132964ec3abf,professor,,
236,30,236,Laura,Young,jjohnson@example.net,326dbd8c63acbfc44cfd1860ae735bdd471726197b386e766c0def9c05ec,professor,,
237,30,237,Linda,Arnold,jonesraymond@example.net,60076f69c860b9df6b5802de3d803c5510597038f1a172b96b9985f99043,professor,,
238,30,238,Alicia,Hammond,martinezlogan@example.org,bf37c5102fbb3a0d36b569fc132066ca16f56938e3888328b9f1436b4aef,professor,,
239,30,239,Erin,Cooper,katrinaanderson@example.net,6aed92710f538b94253e0bd31aeabefc9e4bc09ceb53c8cc9f31e0a46207,professor,,
240,30,240,Brian,Martinez,kevinmartin@example.net,e511b2fb8b3d4d921f98be4945a8f57eaece81f68bfe4acad041fd97a112,professor,,
241,31,241,Stacey,Stone,meghan43@example.net,0bafdd1a2626ea431dd687b60ebcc0e84b70487575c17956af57f3844efa,professor,,
242,31,242,Joshua,Weber,shawgary@example.net,508901e3b44ab9b68454965fac4933fd244b6804e7462e033b916d13c30d,professor,,
243,31,243,Donna,Le,megan90@example.org,3feda1a82c874161ac7baefaf0435f7f9de84f2744c4d9a7495d38fac729,professor,,
244,31,244,Stacy,Wise,debra96@example.net,9e48a8ed6cf11845ca86837889c5b9026347cc59dfaf642e285d46964723,professor,,
245,31,245,Tyler,Burton,dawn47@example.org,69b7dc30831b953717ba2864dac7a3393ec14ddae6d8cee94f8e7f707768,professor,,
246,31,246,Gail,Evans,barkereric@example.com,26f2546709442dd14453a9009ecd3665bfcba0455d1cf2e6a825299c89ae,professor,,
247,31,247,James,Lawson,michelle55@example.com,4c55d844cd4f036c8d85ed105caf8a12f80d0864690370d7506f8cf81805,professor,,
248,31,248,Mitchell,Hoffman,john14@example.com,7035f54dbd8af51cf95ef498dab9da9ce5bbb6a676570c84027908c6df6a,professor,,
249,12,95,Colin,Roberts,alin@example.org,064920aa8f50286b9377611add746de81a5b01866505d785e9f9f467a848,student,Mathematics,4
250,28,217,Rachel,Li,james27@example.net,dbd10c399bd9f737a9c9ca03ec8edab956732b3941b2f8e736e11ee8bf28,student,Health Sciences,1
251,2,15,Natasha,Jimenez,landrywilliam@example.org,c4582e137d3b973db89b5193c822a9745d21d82cf7cf27c62f2307d9b14e,student,Sociology,3
252,26,202,Michael,Williams,pharper@example.net,7d0180576deffc1a99a7c6ffc741c30ac1feb75dc8f679d4f92552d156c5,student,Biology,2
253,7,56,Amanda,Boone,qanderson@example.net,255a7e2e0ab89a91a1493949857ac24ee2268dc897e7102cc9021580ee39,student,Business,4
254,6,45,Richard,Williams,hudsonjames@example.net,cae117f12d4bb5a2fc8d8cf08531fa2999f3fc03445835f2f7b5d713a596,student,Economics,2
255,28,218,Paul,Cole,marcia99@example.org,f444de288ce797088334fed45ce1e45a575545232a8746335bd96b056783,student,Economics,1
256,2,9,Colin,Brooks,angela52@example.org,db29041be67f5094cf466d0eaad85885ceda268e68a7d06fe4ce72deb57c,student,Engineering,2
257,6,47,Richard,Williams,taylormason@example.com,e8f4e343e0c6daf8571dc7ff148d63fdb16d7e8d0dbf953e41662aa71378,student,Economics,4
258,7,55,Eduardo,Barry,markaustin@example.org,d4ba58f8ca6c42877b62c6c53b7d41eb7efa56fbb37810a356db34f82a5b,student,Physics,1
259,6,47,Christina,Kirby,william88@example.com,b3f20e50dc6d96461c68e952697aeea328664915d90b0d3b963fcc80ad8c,student,Computer Science,4
260,9,72,Kevin,Cabrera,mark16@example.net,97dcba4e947517b40204ed021ddd46cfb4685e491b9273f914383322c6fe,student,Psychology,4
261,23,184,Rachel,Wiggins,carlsonjoseph@example.net,a78c2be635f066b7e5f57f051f138a488cb6b91df863c013bf04bc98d143,student,Business,2
262,10,76,Kimberly,Lane,silvageorge@example.net,b7fb7f8bc8969152830872fe333874e134800a9e18a0e37398ed5d4f4338,student,Computer Science,1
263,24,190,Kim,James,anthonyvaughan@example.org,6766a2580d847aae44d2f42fd8862a132f4109e7c351c46e9f8cc1b7e9fd,student,Computer Science,1
264,19,152,Scott,Barnes,avaughn@example.net,495527097c9101ec945859850c768c87ebd7c270a38b0f42f80996b59317,student,Political Science,2
265,2,10,Samantha,Salas,thorntonapril@example.net,2ba9615b1f6690cd7ae058d0c21b880b2eaf4f2e6a817b4ac42ca7d7eac8,student,Chemistry,2
266,3,18,Eileen,Fox,sue78@example.com,965ba874764988a2d924436c4bb5230eee9995bbb17b0abb6a61a9281247,student,Health Sciences,2
267,13,98,Erica,Dillon,chelsea33@example.com,8ff51774840d67365dc87d3ac2955fdb0b5936cfd5da4af6046575abd060,student,Physics,2
268,19,145,Jeffrey,Dudley,kellie37@example.com,e0b7c2a859dee012024d43bee06e2794a6dbfb1c9e018a9bd4d829cfd18f,student,Art,1
269,14,110,Ann,Michael,keith98@example.com,edb8f863784ddd5ab9195039610bb71f4478df8c67827f209977fadaca68,student,Physics,3
270,7,54,Ralph,Reed,kellyroberts@example.net,fb0fecc30d6d8a4487a8e21c0527ed1c7f0b8d57d1c0c51d0bf9b1664bbc,student,Biology,3
271,13,99,Sandra,Douglas,ilewis@example.com,478f05fb84df0f169f84f0167d776b5a1f5e2c4bc1cd0db62c04c80d2019,student,Health Sciences,3
272,15,118,Heather,Taylor,johnsantiago@example.net,0feab59793521c72e0f35f4c157febd4348943e043b5802177e3bbf4252d,student,Physics,1
273,1,8,Jesse,Garcia,jennifer12@example.org,b90ad56f34ddbec6bf20c180ba9c524f24ede37e3e3e407384088fca7753,student,Art,1
274,3,20,Tiffany,Moore,mwoods@example.com,428ef19d55b15db1e20b0f1cb6d8398cc58e550038ab61dd5e0c6e18b4ee,student,Political Science,3
275,5,38,Debbie,Velez,pearsonjesse@example.net,2c73a572044c0e3924667f12895c03eb8cd8813f66a46fe6dd8260eb890f,student,Physics,1
276,29,228,Sharon,Gentry,robertmonroe@example.org,5a1919cdfc81235f6b3b5b4f6901b3d465266026c8cd3aa16ad696b47514,student,English,3
277,6,48,Randy,Simpson,nancy04@example.net,7a9d00653d4a4cc4c5e6efb12ff255dc165419d9c0cd9d4562b3e735d0d3,student,Chemistry,3
278,20,153,Sarah,Rogers,ihays@example.net,e8fdd7fc8f8401415bbb40b0e5c1f11c93f666afa018c4f77488af99401e,student,Health Sciences,3
279,30,234,Sheena,Rosales,znelson@example.org,66fed1b24dba8ae22113cea2f65ea17caef00fb61c6c6306bcf4f157fd75,student,Physics,2
280,9,66,Jessica,Wong,alexisrogers@example.com,e8efdac85e026bd56018bfb098a5ba696e2ca2c4dd5334b5d75568b031fd,student,Physics,1
281,24,187,Katherine,Thompson,gwilcox@example.com,99620f8538617e1f2d3e72193e11a8e9cce0cede7af2446a58393bf43985,student,Psychology,3
282,20,156,Elizabeth,Lopez,thomasboyle@example.org,599edaf137ee183c7e292ab653fbcfc51f9f6d833a3368953ee2b2785792,student,Sociology,3
283,7,53,Joe,Molina,kevin90@example.com,7ac667cf84511a71390f1f3b42beb1df9eb2673365af90d2681a210c1d88,student,Political Science,4
284,9,65,Heather,Brown,marshallerik@example.net,15f8451840e4a006fbf4af634e968ae599ae6e36f2e8f59a932af121bc9a,student,Engineering,4
285,27,213,Paula,Padilla,hannah45@example.net,681358da4a9f88c797d7c6c7839cc75e32abd2682fc973ae82c175b2825c,student,Computer Science,1
286,11,83,Susan,Mendoza,madkins@example.com,440b2b81f8c948392656e4c4fb108b70c305f2e67df7d5e3c231884b3126,student,Health Sciences,3
287,6,48,Andrea,Ruiz,kathleenbecker@example.net,635ee864f2dad246f1deb7da7c84eecbe90ab9416e1f9df810970dc1f91d,student,Political Science,4
288,18,137,Christopher,Griffin,christian91@example.org,c398387a1aeb9f2ec60d12b3909dbfd5c19286552816ab292a6cafddb32d,student,Engineering,1
289,31,243,Rebecca,Harris,franklinbond@example.com,4412e35c2a0646757e75a4c33b66aa1ea2590bef2382dae7a5c785308a38,student,Political Science,1
290,27,214,Jamie,Aguilar,nolansean@example.org,28a802b45d92680105fb5d74d691199b7c114ef6776f356cdcd3b4bfa4d9,student,Art,2
291,14,107,William,Bryant,hansenemily@example.com,5e47b093c2f82e74c3d1d7383d1cd45d79fcb75f5360a48115c1e6be2a48,student,Computer Science,3
292,12,89,Randy,Velasquez,bethwilliams@example.com,26c8844220e3a5c7efc582e887f567c7aa44e3f2026837b00ae5f2d9fbf2,student,Physics,3
293,7,52,Amber,Brown,andersenthomas@example.com,e75c7c6748ce44c8ef0a8284703196384edf0f805fcc6bdf163974922d18,student,Health Sciences,1
294,12,95,Kayla,Cannon,ybrooks@example.com,878b36d51acdc51569dda874cef065a536cc36fa3e2f9927461a17d8caeb,student,Art,2
295,30,236,Rebecca,Bennett,desireebailey@example.org,5e0e2ea2cc701b4b09764667a9d16d3d632ee4fdc1f9887e1f80d52ff035,student,Chemistry,2
296,26,203,Phillip,Anderson,maryavila@example.com,62f70493f3c9c52d477f6f12edfcac168a549c15eb0e828f9cdb3a0238b5,student,Physics,4
297,1,3,Jennifer,Coleman,pmorrow@example.com,6a02d9530fd386dd86cd942223c9fa0b96abd8304ae7c27b8d78922d2c03,student,Sociology,3
298,26,207,Joshua,Pineda,johnsondonna@example.net,35e3618d9b47f4455179174b9e984322cccaef6eb226e9f0e46e0cd54f8d,student,Philosophy,2
299,9,67,Nicole,Smith,carloswheeler@example.com,16e2171e83a1a58d004caceb0d32b78358be3585a9015dd7b434d00a37d4,student,Philosophy,1
300,13,97,Jacqueline,Williams,moralesjimmy@example.org,1ab02d8f918b2399df107dead9a4797fefed2464b93a62f8912a754d36a1,student,Chemistry,4
301,8,60,Kimberly,Taylor,jim95@example.net,603e4dca6a460161ad9c6e99794767f6cbd19928b580afd482355b0673ca,student,Chemistry,4
302,12,93,Emily,Flores,nancy83@example.com,ff7d66a0d2729f84011f3c05e007c4bd55f17d7a17a7cba148abae80063d,student,Chemistry,2
303,8,57,Bruce,Fry,conniesimmons@example.com,6eb69254adf69042e18f1a7388d99909d6a611fba95c804514f7c55aa897,student,Health Sciences,2
304,13,102,Maxwell,Schneider,ufloyd@example.net,3871f0b3843e6912f2052c8872da6ba1be0b08e44196f29993c839049f69,student,Psychology,1
305,31,245,Edward,Bennett,oallen@example.com,c8f8ef224bac135d1d355aa3707893cedb15e9ed2f5e10a4979607ab8a0d,student,English,4
306,22,174,Drew,Ford,harttammy@example.net,1d27dd98a1b6378fc8a45aad445276083ce1ab228da481d1c2b7ae7d7d5b,student,Computer Science,1
307,29,229,Paul,Scott,deborah75@example.org,48be938c0a2cbac9966eef50245558f722b9e80e5beb6ed321752571b43b,student,Business,3
308,2,10,Maria,Williams,mnunez@example.org,e09d7266c62770d80d99c2ae3deb37345f91754bef5e99869c21d7ee6c4b,student,Art,4
309,12,94,Jacob,Gill,timothybooth@example.com,f8a260162a53b628ddaf1dac81bd118eed5c407e5dfce82c9c24ab264099,student,Mathematics,1
310,13,100,Regina,Lewis,suzannewilson@example.com,654fb7d2e1da470c45c4075d891ef7dbb2b0a5fe3915382cb9e67ed21973,student,Psychology,1
311,23,183,Heather,Padilla,jherman@example.com,db672ce94fb212f959761053416c66a11c63225cb216c3a1ccf62288e873,student,Computer Science,2
312,12,95,Oscar,Ferguson,kyle58@example.com,df06c3531e0e8eaedb3f78bec95f39c5a2b94bdbfa96849ca923146e6368,student,Engineering,3
313,20,158,Leah,Bowen,robin55@example.com,8d624d32a58e0d7871642240efb810d92c78153169f6599cf3eae8d27e77,student,Health Sciences,1
314,24,189,Michelle,Figueroa,greensarah@example.net,a651609668e011870de82be32041c9d75d985fed42bb68a68a5537733f17,student,Political Science,3
315,22,175,Kenneth,Gonzalez,noahwhitaker@example.com,92ade7e74ec29474d2b0763347de102b4e2cc2dddca1f1a554c14ef3895f,student,English,4
316,23,181,Sherry,Morgan,plevy@example.net,7ab41833b0a3ac82f5807b9e2266e805fa8ea8bb15fef7cc44a2f33fe9b5,student,Political Science,2
317,7,55,Gary,Norton,donaldpayne@example.org,bac85b8b59f760c78a4473c2caa7bd465ef5c8cde2d95c63a4a1bbc361fc,student,Health Sciences,4
318,22,171,Amber,May,warrenmary@example.org,5aab42d4d2a644c55396abf2f36f90bad6a91acf5bc12860f11672f56613,student,Art,3
319,13,97,Elizabeth,Duran,otaylor@example.org,df4788779ff43d31097df4f0394a99e764c70fea846154d765e0e49bedba,student,Psychology,3
320,7,55,Edward,Robinson,nbrooks@example.net,21d1f4e26baaeaad8be7ef3370c7976744dbe23ad8e95185396b8c70bbc6,student,Philosophy,3
321,15,120,Christina,Webb,ismith@example.net,3315b88a04ff33436333dac1a4d2adc52825fab2930049a11fef8a9e975c,student,Economics,2
322,17,136,Alvin,Bowen,andre62@example.org,429b3dd680493f20a2e35d2d2c0f24e017f54e7a126607d3ac154b596ad8,student,Philosophy,2
323,22,170,Alice,Allen,lisa46@example.org,e40825715832401d14f05e2e0d7d4838c5ae91fcaaeae1cd3b07244b20c3,student,Psychology,3
324,3,20,Richard,Cunningham,kevinclayton@example.org,103969a1beefaf4926d368b936455391c96bd2df7ab529af1dc740bcb30a,student,Health Sciences,3
325,8,60,Michele,Malone,sullivannicholas@example.com,e572076f3f2ee8d293e6e1994fdeb0c9896630d62f563c2ca15ebc87fcc0,student,Business,1
326,2,12,Albert,Jackson,pbruce@example.com,8cd26afdfeb7a6345cdf6d883d738c50894e25eed94282f65423524d477e,student,Economics,1
327,15,119,Michaela,Davis,hallrachel@example.net,ae3f921aac4f9a2eaed500d07eb0381d4d74ff303e57e412455203620090,student,Physics,2
328,23,183,Thomas,Williams,cohenjuan@example.net,3613717935eea31a18561d1e244931f2beab736b48559fd62bf926f88f0d,student,Economics,4
329,8,59,Antonio,Mcfarland,alexis39@example.org,489b74f06818cc824a55a2f46e3aba855b6d93ab94facd9bf37316a3c67c,student,Health Sciences,1
330,29,226,Jennifer,Sanders,evansanne@example.net,e55efe98f60a3ccec6944cdc0f64f4913cfbf05bfb618c09c7cb1b1be7b0,student,Philosophy,4
331,8,59,Paul,Mosley,patrick21@example.net,4f393da501afa6053b642fee625a46fea499285107a96a966d8e09ad46cd,student,Philosophy,4
332,2,12,Michael,Davis,marypeterson@example.net,b12c35b69d2a2cd20ed0b2a7c6eb0273233fe87f9185fe2dc78189f2d4a3,student,Physics,1
333,15,115,Randy,Ayala,walterskristen@example.com,832b04c48d0ef2bdc0dbf672a386313d193552e46135bd7af3acb1262f64,student,Philosophy,4
334,22,174,Michael,Pugh,llopez@example.net,fc49923a00dc240fc106467dc1905471f101cc066a7fae3b5368cdc6e6b2,student,Philosophy,4
335,20,159,Kelsey,Phillips,jennifermiller@example.org,164d295fb4919e73e2aa7bb768f6c0f06d5fe887a1f25cf379661acfe087,student,Chemistry,4
336,29,227,Kristen,Moore,gstewart@example.org,018eb86b086d930f6aa439094da1f84c055d2ea66b3a7ce905047688c4cc,student,Sociology,4
337,15,117,Kyle,Ward,curtis12@example.com,7df0357f1f73d741635a2231282e4274895777c468887f6014d751f9b2d1,student,Philosophy,2
338,27,213,Angela,Russell,davisangela@example.net,d4ed20323d3f6a73163835c50bbf5207609a51e7980a2c099bd92cef7445,student,Philosophy,4
339,21,164,Mark,Cruz,robert18@example.org,494a609a7c7e90ae455402393ad81b788848da5eb8b4dedb106fdc2872c5,student,Psychology,4
340,3,21,Gavin,James,josephadams@example.org,d03c09f41eb169803d9a803d64fa098553810594cf385ed6082cacd76ef1,student,Biology,3
341,11,86,Ryan,Fisher,xpatton@example.com,a480e9f3595c8ce1441bd58c7d3b1a985dd308862d219806b50dad796405,student,Physics,1
342,5,35,Jennifer,Simpson,stephentaylor@example.org,f698eaf3612a463014bee473e49e567373ee0588569583aa7c0906a6fd90,student,Biology,4
343,23,179,Martin,Oliver,scott69@example.org,60fa771900afecff04f7921428d0fd8961635711efd61c07aada3ca58678,student,Sociology,2
344,3,23,Carrie,Dominguez,zedwards@example.com,df7b9781bdd8fd85e1953000d492a724f738df51d79bf64abecbb900f0ee,student,Mathematics,3
345,18,144,Heather,Henry,markramirez@example.com,9e3427da96f46e64ffca9d8a9bf36a741fbf25bba8bcc3685e5f402a4a9b,student,Mathematics,1
346,7,55,Sarah,Gonzalez,erinpierce@example.net,67cc02d5734bf14fdc7f60d47b16ed8685ccdd5554e74a076b03a8dd79fa,student,Mathematics,1
347,28,223,Jeanette,Gonzales,marie16@example.net,407251056d783aad29780ea12647deec9af36dd035218165016b85be2dd5,student,Economics,1
348,31,246,Cynthia,Allen,jennifermccormick@example.org,1d1bbf3bb285d4027b01fbd80cc01c258d97b037b230bda23624b22afb9d,student,Psychology,4
349,31,,Carla,Aguilar,ystephens@example.com,ec371fe66cff6b137ea188c3fe1a045ee3fd4811a7604dc34d21eeed2dd5,analyst,,
350,31,,Lisa,Wheeler,rodriguezjohn@example.net,b342ddaafbaea3e38bf407311445ea8f9e521e5a26e908ff82ff372ab5a6,analyst,,
351,31,,Deborah,Williams,vrasmussen@example.com,77c5b64a0a050f5ae82e729112131a6ba3a1b564d1235b47d41871b5ad89,analyst,,
352,31,,Corey,Walker,seanmyers@example.net,e08cc9a0d974948ef8fdde76fc70592f397d01bbd823377dd53c96290f42,analyst,,
353,31,,Vincent,Cooper,webbkenneth@example.org,8b89c67a31f98a6f52a901e57c617cdd9e76608a9f5853ae9d550bb839e9,analyst,,
354,31,,Shelia,Thomas,matthew38@example.com,6729665efb6705a0c6372d60120f4d221868e0ea501051a8e2640f54a663,analyst,,
355,31,,Connor,Bowen,tflores@example.org,1415de194f46a32ade1e6edb21548213c86fe6f2e730201f4424dc83944f,analyst,,
356,31,,Darin,Sweeney,byrdfrank@example.net,193e2c4866ff2e6601a150cf52728c0d4e739df1b43d1118cdaf17c79cd7,analyst,,
357,31,,Greg,Moore,omullen@example.com,1a261bd54c4c3f6265d8d1d3468eeec074f981056704a495bf17cb2e5da8,analyst,,
358,31,,Jacob,Sandoval,njohnson@example.org,81df8d4704e1c9935a6fa36a4c2d971a9d36e490bc259d15acb99d01ee08,analyst,,
359,31,,Russell,Smith,jamiegoodwin@example.org,fc5657ac3fdb4d774c1415c9aafbf72f2f2bbdc827ef38e51b57362e7d50,admin,,
360,31,,Lauren,Herrera,mark71@example.com,01e88bdf15ba150ba7643f6147fcd3a1ee6f25a8515ed60b9f2ee1598a45,admin,,
361,31,,Tracy,Church,candice96@example.net,c2aba3043b543e80e37b43d0917b7cb444a144d16a13a158aa92c5da2ff4,admin,,
362,31,,Michael,Ellis,lisamccarthy@example.com,2aa74220805b498d9cc913bc49e6706fc1bf3903ec62ca4597d6f0ccf7fe,admin,,
363,31,,Brittany,Powers,david41@example.org,97f6632518170e4c1816541b9a4d4020a511ec8dfa3fc1190c3ccb8aba52,admin,,
