assignment_id,course_id,title,description,due_date,time_benchmark
1,1,Case Study 1,Paper memory history office effort remember. Mind southern rather. Hair attorney professional form finish.,2026-04-17,120
2,1,Homework 2,Finally impact I fast camera inside wait. Past feeling nature a.,2026-04-17,180
3,1,Research Paper,Parent focus kid put memory soldier where save. Exist professional people behavior. Pull different current agency each.,2026-04-17,60
4,1,Case Study 4,Increase picture create recent manager during prevent. Throughout team those.,2026-04-17,30
5,2,Quiz 1,Sound receive let newspaper. Lead soon property write.,2026-04-17,30
6,4,Lab Report 1,Spring throughout interview trade knowledge city technology late. Style everyone sing machine dream. Back experience even floor music catch.,2026-04-17,60
7,4,Quiz 2,Ask imagine my indeed deal. Hope show watch affect thing offer.,2026-04-17,120
8,4,Essay 3,Send table well industry section. Son today major event magazine home protect. Right subject try wonder move trade.,2026-04-17,180
9,4,Midterm Exam,Poor career left anyone.,2026-04-17,45
10,5,Research Paper,Force seven here sell story edge bank. See appear weight.,2026-04-17,90
11,5,Quiz 2,Senior wear current. Perform draw list.,2026-04-17,240
12,8,Quiz 1,Record short cold parent security boy standard. Blue agent find quality when.,2026-04-17,30
13,8,Homework 2,Option store drug recent. Sure outside building worker site.,2026-04-17,60
14,8,Lab Report 3,Attention positive actually information majority item. Player stock religious itself safe whole. Pattern try simple let stay.,2026-04-17,180
15,9,Lab Report 1,Store beautiful think during let. Property from management foot maintain great election evidence. Red everybody act way beat result major serve.,2026-04-17,180
16,9,Group Project,Society behavior develop reality fill ok list. Gas you nearly goal law fill discover. Firm sea week real course.,2026-04-17,120
17,10,Research Paper,With modern executive beyond create dinner conference add. Call animal approach factor want point sell.,2026-04-17,30
18,10,Problem Set 2,Expect long future whole education technology box.,2026-04-17,30
19,10,Reading Response 3,Officer rather charge specific. Be easy newspaper indicate other. Difficult mission late kind team wrong figure perform.,2026-04-17,45
20,11,Homework 1,Personal enough ball dream necessary. Able late order fact.,2026-04-17,240
21,11,Midterm Exam,Author do enough social operation sound cup. Name positive training step.,2026-04-17,120
22,11,Research Paper,Organization station TV keep light. Record wall matter management ball.,2026-04-17,45
23,11,Final Exam,Page ago director purpose team onto. Yourself public especially. Several compare million.,2026-04-17,45
24,13,Midterm Exam,Young job sport why. Girl four prove tax form really explain.,2026-04-17,240
25,13,Homework 2,Lawyer fire follow. Ten stay ability thank left approach. Gun series personal service data near until.,2026-04-17,60
26,14,Case Study 1,Ahead picture son report. Nearly need behavior yeah tree. Water positive child usually factor relate indeed.,2026-04-17,45
27,16,Research Paper,Lead certain course out second. Tell everybody so increase. Environment able rise study oil process tend.,2026-04-17,240
28,16,Final Exam,Forward several help usually thank wonder. Occur do simply analysis seat. History professional star wonder manager already.,2026-04-17,120
29,17,Essay 1,Thank them key moment lead reveal. That wide avoid sit enter perhaps. Power system system teacher here first. Their along attention piece TV young section.,2026-04-17,240
30,18,Lab Report 1,Kitchen really tough animal. Fall hear certainly most.,2026-04-17,90
31,20,Reading Response 1,Company participant him raise. Tree central leave effect effort act source.,2026-04-17,60
32,21,Case Study 1,Available war write federal. Real lead few yourself table blood. Occur offer yeah far within probably.,2026-04-17,240
33,21,Reading Response 2,Treat seat strategy. Simply discover soon despite couple. Question return process stuff pick.,2026-04-17,240
34,21,Essay 3,Small almost half capital travel.,2026-04-17,60
35,22,Reading Response 1,Customer skill theory hand. Tree store either station loss southern second. Sound life away senior difficult put.,2026-04-17,30
36,23,Homework 1,Hand so add Mr lawyer pull public. Herself police he push likely people wall foreign. Determine as statement travel few impact cause watch.,2026-04-17,240
37,23,Group Project,Best thought career law. Industry score choice increase between majority impact. Allow have kitchen wear talk.,2026-04-17,45
38,23,Essay 3,Top population art every why we station. Production politics others again. During call north attention share debate.,2026-04-17,240
39,24,Midterm Exam,Similar small other everyone worker would. Economy company produce ago address so draw.,2026-04-17,60
40,24,Essay 2,Appear score moment second live. Message board mean war analysis situation.,2026-04-17,45
41,24,Homework 3,Leader who article look husband. Make travel available ball. Chance call person one Republican herself our far.,2026-04-17,180
42,25,Final Exam,Soldier boy pressure there. Result Democrat later direction fund law indeed. Fine fine effort well.,2026-04-17,60
43,26,Problem Set 1,Before be it season. Speech news only no form business. Them wait institution trouble anything explain.,2026-04-17,240
44,26,Quiz 2,Medical choice lot suggest glass news boy. Off southern suddenly window stand.,2026-04-17,60
45,27,Final Exam,Participant price really. Congress reflect finally. Go consider century price attorney scientist.,2026-04-17,180
46,27,Research Paper,Democrat information game have return since nothing. Third choose senior anyone.,2026-04-17,60
47,27,Homework 3,Magazine kind event sense box involve. Question or money final determine. Area daughter war should share face build market.,2026-04-17,30
48,27,Quiz 4,Mouth discover next property government however. Job least back.,2026-04-17,45
49,28,Quiz 1,Identify policy face if whom commercial way. Story turn because such during open model. That second develop single baby plan.,2026-04-17,30
50,28,Problem Set 2,Go when population challenge bill eight. Own set pretty concern.,2026-04-17,120
51,28,Final Exam,Senior service large under north play person. Firm key light place someone option goal avoid. Later arm story baby ten talk past.,2026-04-17,60
52,28,Reading Response 4,Never social time last special prepare focus little. Whatever late specific study. Mean common easy just.,2026-04-17,240
53,29,Final Exam,City health executive impact full our smile positive. Form newspaper hit edge. Their four old center glass whose recognize hot.,2026-04-17,120
54,29,Research Paper,Next poor foreign campaign reflect. Behavior provide meet adult final week game.,2026-04-17,30
55,30,Presentation,Yourself choice fast small medical. Strong this also from short capital heavy.,2026-04-17,45
56,30,Quiz 2,Return analysis hair rest. Particular sell six doctor dream whole. Tough create question now key show sing. Month whom stage soon catch economic political.,2026-04-17,30
57,30,Reading Response 3,Represent middle by base. Evening town challenge join. Stage this us increase how.,2026-04-17,90
58,32,Research Paper,Heart agreement us stuff. Social case expert stop receive catch. Large accept bad eight strong nature road.,2026-04-17,180
59,32,Reading Response 2,Down business draw police performance. Book toward others administration.,2026-04-17,180
60,32,Reading Response 3,Fact ability good number. Professor beat window attack.,2026-04-17,180
61,32,Essay 4,Never hospital like player wonder effect administration. General run pick sign. Card good full poor store range.,2026-04-17,60
62,33,Problem Set 1,Consider care respond want already cut social though. Value middle writer myself education send. Experience television answer pretty event.,2026-04-17,180
63,33,Midterm Exam,Sea thus hit wind many marriage. Entire bar interesting issue yet Congress family. Bag produce fill owner.,2026-04-17,120
64,33,Midterm Exam,Language risk treatment past itself police. Avoid point guy song. Well central parent sit.,2026-04-17,180
65,35,Research Paper,Sing hand him note painting. We head several off morning huge power.,2026-04-17,60
66,35,Case Study 2,Save material hit. Brother simple region Democrat partner really your.,2026-04-17,90
67,36,Final Exam,Later together knowledge because. Property remember nearly face feel church.,2026-04-17,180
68,36,Quiz 2,Meeting building cut catch so ago. Occur level work candidate this assume huge.,2026-04-17,120
69,37,Essay 1,Improve important offer by first avoid letter. General there sister policy consider whom item. Story million fight class.,2026-04-17,90
70,38,Case Study 1,Way million exist bad cultural what. By field move maybe collection.,2026-04-17,180
71,38,Lab Report 2,Probably result painting successful. American tell ball we side enough decision.,2026-04-17,120
72,38,Presentation,Marriage phone face. Lot source rate father authority. Citizen indeed less future. Fine responsibility safe team.,2026-04-17,60
73,39,Research Paper,Middle blood drop business last cell. Face his past.,2026-04-17,240
74,39,Homework 2,Value return couple city you level. Market bed hotel lead drive.,2026-04-17,60
75,39,Quiz 3,Example our successful.,2026-04-17,45
76,40,Presentation,Account blue care enough hand idea and. Now crime network.,2026-04-17,120
77,40,Case Study 2,Share evidence writer quite budget window hour. Newspaper hand certain own husband American. Case four listen.,2026-04-17,60
78,40,Group Project,Cause use five hotel pattern successful order. Stock mother remember feel staff happy purpose. On someone rise read ago listen. Officer return on color pick people subject challenge.,2026-04-17,90
79,41,Case Study 1,Way body affect finish charge real improve.,2026-04-17,45
80,41,Research Paper,Relationship million night your. Moment finish community treatment garden great sign. Particular court east newspaper different.,2026-04-17,90
81,41,Reading Response 3,Relate real major look night. Explain of myself time house.,2026-04-17,45
82,43,Research Paper,Among western bad under pretty. Degree still even no even body scientist.,2026-04-17,180
83,43,Case Study 2,Difficult do beyond form line race case.,2026-04-17,120
84,44,Problem Set 1,Present thing little practice sense expert. Position traditional become off movement.,2026-04-17,240
85,44,Essay 2,Individual study value already.,2026-04-17,180
86,45,Essay 1,View while unit theory. Fear owner up. Expect writer myself management voice surface.,2026-04-17,240
87,45,Essay 2,Former room possible responsibility. Say so nothing.,2026-04-17,45
88,48,Group Project,Task today still middle beautiful protect continue cell. Very according himself land environment form.,2026-04-17,120
89,50,Final Exam,End growth door. Let civil rather type. Real police wait happen determine.,2026-04-17,180
90,50,Presentation,Lawyer writer health reduce. Serious soon stay seven quite other skin. Land region back nor article natural measure.,2026-04-17,45
91,50,Reading Response 3,Foreign minute break day. Major together knowledge argue car indeed nor next.,2026-04-17,180
